SQL> SPOOL
currently spooling to P7_2.lst
SQL> SELECT *
  2  FROM PROFESOR;

       DNI P                                                                    
---------- ------------------------------------------------------------         
       CAR CAT                                                                  
---------- -----                                                                
      1111 JUAN                                                                 
         6 CU                                                                   
                                                                                
      2222 CARLOS                                                               
         7 TU                                                                   
                                                                                
      3333 PEDRO                                                                
         4 TEU                                                                  
                                                                                

       DNI P                                                                    
---------- ------------------------------------------------------------         
       CAR CAT                                                                  
---------- -----                                                                
      4444 MARIA                                                                
         7 TU                                                                   
                                                                                
      5555 IVAN                                                                 
         1 CEU                                                                  
                                                                                
      6666 CARMEN                                                               
         3 CD                                                                   
                                                                                

       DNI P                                                                    
---------- ------------------------------------------------------------         
       CAR CAT                                                                  
---------- -----                                                                
      7777 MARIO                                                                
         2 TU                                                                   
                                                                                
      8888 FRANCISCO                                                            
         5 TU                                                                   
                                                                                
      9999 ANGELA                                                               
         8 TEU                                                                  
                                                                                

       DNI P                                                                    
---------- ------------------------------------------------------------         
       CAR CAT                                                                  
---------- -----                                                                
      1010 DAVID                                                                
         4 TU                                                                   
                                                                                
      2020 SOLEDAD                                                              
         7 CU                                                                   
                                                                                
      3030 JOSE MANUEL                                                          
         6 TEU                                                                  
                                                                                

       DNI P                                                                    
---------- ------------------------------------------------------------         
       CAR CAT                                                                  
---------- -----                                                                
      4040 CARMELO                                                              
         7 TU                                                                   
                                                                                

13 rows selected.

SQL> SET PAGESIZE 150
SQL> SET LINESIZE 150
SQL> SELECT *
  2  FROM PROFESOR;

       DNI P                                                                   CAR CAT                                                                
---------- ------------------------------------------------------------ ---------- -----                                                              
      1111 JUAN                                                                  6 CU                                                                 
      2222 CARLOS                                                                7 TU                                                                 
      3333 PEDRO                                                                 4 TEU                                                                
      4444 MARIA                                                                 7 TU                                                                 
      5555 IVAN                                                                  1 CEU                                                                
      6666 CARMEN                                                                3 CD                                                                 
      7777 MARIO                                                                 2 TU                                                                 
      8888 FRANCISCO                                                             5 TU                                                                 
      9999 ANGELA                                                                8 TEU                                                                
      1010 DAVID                                                                 4 TU                                                                 
      2020 SOLEDAD                                                               7 CU                                                                 
      3030 JOSE MANUEL                                                           6 TEU                                                                
      4040 CARMELO                                                               7 TU                                                                 

13 rows selected.

SQL> INSERT INTO PROFESOR
  2  VALUES (5050, 'CARINA', 8, 'CEU');
INSERT INTO PROFESOR
*
ERROR at line 1:
ORA-00001: unique constraint (ALU0100981506.SYS_C0074056) violated 


SQL> ;
  1  INSERT INTO PROFESOR
  2* VALUES (5050, 'CARINA', 8, 'CEU')
SQL> 
SQL> 
SQL> SELECT *
  2  FROM PROFESOR;

       DNI P                                                                   CAR CAT                                                                
---------- ------------------------------------------------------------ ---------- -----                                                              
      1111 JUAN                                                                  6 CU                                                                 
      2222 CARLOS                                                                7 TU                                                                 
      3333 PEDRO                                                                 4 TEU                                                                
      4444 MARIA                                                                 7 TU                                                                 
      5555 IVAN                                                                  1 CEU                                                                
      6666 CARMEN                                                                3 CD                                                                 
      7777 MARIO                                                                 2 TU                                                                 
      8888 FRANCISCO                                                             5 TU                                                                 
      9999 ANGELA                                                                8 TEU                                                                
      1010 DAVID                                                                 4 TU                                                                 
      2020 SOLEDAD                                                               7 CU                                                                 
      3030 JOSE MANUEL                                                           6 TEU                                                                
      5050 CARINA                                                                8 CEU                                                                
      4040 CARMELO                                                               7 TU                                                                 

14 rows selected.

SQL> SPOOL OFF
