SQL> SPOOL
currently spooling to P8.lst
SQL> CREATE TABLE TITULACION
  2  (T CHAR(4) PRIMARY KEY, FAC VARCHAR2(20));

Table created.

SQL> INSERT INTO TITULACION(T)
  2  SELECT DISTINCT T
  3  FROM ASIGNATURA;

4 rows created.

SQL> SELECT *
  2  FROM TITULACION;

T    FAC                                                                                                                                              
---- --------------------                                                                                                                             
GF                                                                                                                                                    
GM                                                                                                                                                    
GII                                                                                                                                                   
MII                                                                                                                                                   

SQL> UPDATE TITULACION
  2  SET FAC = 'ESIT'
  3  WHERE T = 'GII' OR T = 'MII';

2 rows updated.

SQL> UPDATE TITULACION
  2  SET FAC = 'FC'
  3  WHERE T = 'GF' OR T = 'GM';

2 rows updated.

SQL> SELECT *
  2  FROM TITULACION;

T    FAC                                                                                                                                              
---- --------------------                                                                                                                             
GF   FC                                                                                                                                               
GM   FC                                                                                                                                               
GII  ESIT                                                                                                                                             
MII  ESIT                                                                                                                                             

SQL> CREATE SYNONYM TIT FOR TITULACION;

Synonym created.

SQL> SELECT *
  2  FROM TIT;

T    FAC                                                                                                                                              
---- --------------------                                                                                                                             
GF   FC                                                                                                                                               
GM   FC                                                                                                                                               
GII  ESIT                                                                                                                                             
MII  ESIT                                                                                                                                             

SQL> ALTER TABLE ASIGNATURA
  2  ADD (CONSTRAINT FK_ASIGNATURA_TITULACION
  3  FOREIGN KEY (T)
  4  REFERENCES TITULACION (T)
  5  ON DELETE CASCADE);

Table altered.

SQL> ALTER TABLE TITULACION
  2  MODIFY T CHAR(6);
ALTER TABLE TITULACION
*
ERROR at line 1:
ORA-02292: integrity constraint (ALU0100981506.FK_ASIGNATURA_TITULACION) violated - child record found 


SQL> ALTER TABLE ASIGNATURA
  2  DISABLE CONSTRAINT FK_ASIGNATURA_TITULACION;

Table altered.

SQL> ALTER TABLE TITULACION
  2  MODIFY T CHAR(6);

Table altered.

SQL> ALTER TABLE ASIGNATURA
  2  ENABLE CONSTRAINT FK_ASIGNATURA_TITULACION;

Table altered.

SQL> CREATE VIEW VISTA1
  2  AS SELECT CAS,A,T,CUR,CAR
  3  FROM ASIGNATURA;

View created.

SQL> SELECT *
  2  FROM VISTA1;

       CAS A                                                  T           CUR        CAR                                                              
---------- -------------------------------------------------- ---- ---------- ----------                                                              
         1 BASES DE DATOS                                     GII           3          7                                                              
         2 INTELIGENCIA ARTIFICIAL                            GII           3          4                                                              
         3 ALMACENES DE DATOS                                 MII           1          7                                                              
         4 MINERIA DE DATOS                                   MII           1          7                                                              
         5 INFORMATICA BASICA                                 GII           1          7                                                              
         6 ALGEBRA                                            GII           1          1                                                              
         7 CALCULO                                            GII           1          8                                                              
         8 OPTIMIZACION                                       GII           1          6                                                              
         9 GESTION DE RIESGOS                                 GII           3          4                                                              
        10 ASTRONOMIA                                         GF            2          3                                                              
        11 ENSENANZA DE LA MATEMATICA                         GM            2          5                                                              
        12 ANALISIS COMPLETO                                  GM            4          2                                                              

12 rows selected.

SQL> INSERT INTO VISTA1
  2  VALUES(13,'ESTADISTICA','GII',3,7);
INSERT INTO VISTA1
*
ERROR at line 1:
ORA-02291: integrity constraint (ALU0100981506.FK_ASIGNATURA_TITULACION) violated - parent key not found 


SQL> ALTER TABLE TITULACION
  2  DISABLE CONSTRAINT FK_ASIGNATURA_TITULACION;
ALTER TABLE TITULACION
*
ERROR at line 1:
ORA-02431: cannot disable constraint (FK_ASIGNATURA_TITULACION) - no such constraint 


SQL> ALTER TABLE ASIGNATURA
  2  DISABLE CONSTRAINT FK_ASIGNATURA_TITULACION;

Table altered.

SQL> ALTER TABLE TITULACION
  2  
SQL> INSERT INTO VISTA1
  2  VALUES(13,'ESTADISTICA','GII',3,7);

1 row created.

SQL> ALTER TABLE ASIGNATURA
  2  ENABLE CONSTRAINT FK_ASIGNATURA_TITULACION;

Table altered.

SQL> SELECT *
  2  FROM VISTA1;

       CAS A                                                  T           CUR        CAR                                                              
---------- -------------------------------------------------- ---- ---------- ----------                                                              
         1 BASES DE DATOS                                     GII           3          7                                                              
         2 INTELIGENCIA ARTIFICIAL                            GII           3          4                                                              
         3 ALMACENES DE DATOS                                 MII           1          7                                                              
         4 MINERIA DE DATOS                                   MII           1          7                                                              
         5 INFORMATICA BASICA                                 GII           1          7                                                              
         6 ALGEBRA                                            GII           1          1                                                              
         7 CALCULO                                            GII           1          8                                                              
         8 OPTIMIZACION                                       GII           1          6                                                              
         9 GESTION DE RIESGOS                                 GII           3          4                                                              
        10 ASTRONOMIA                                         GF            2          3                                                              
        11 ENSENANZA DE LA MATEMATICA                         GM            2          5                                                              
        12 ANALISIS COMPLETO                                  GM            4          2                                                              
        13 ESTADISTICA                                        GII           3          7                                                              

13 rows selected.

SQL> SELECT *
  2  FROM ASIGNATURA;

       CAS A                                                  T           CUR        CAR         CT         CP         CL                             
---------- -------------------------------------------------- ---- ---------- ---------- ---------- ---------- ----------                             
         1 BASES DE DATOS                                     GII           3          7          3        1.5        1.5                             
         2 INTELIGENCIA ARTIFICIAL                            GII           3          4        1.5        1.5          3                             
         3 ALMACENES DE DATOS                                 MII           1          7        1.5          0        1.5                             
         4 MINERIA DE DATOS                                   MII           1          7        1.5          0        1.5                             
         5 INFORMATICA BASICA                                 GII           1          7          3        1.5        1.5                             
         6 ALGEBRA                                            GII           1          1          3          3          0                             
         7 CALCULO                                            GII           1          8          3          3          0                             
         8 OPTIMIZACION                                       GII           1          6          3        1.5        1.5                             
         9 GESTION DE RIESGOS                                 GII           3          4          3          0          3                             
        10 ASTRONOMIA                                         GF            2          3          3        1.5        1.5                             
        11 ENSENANZA DE LA MATEMATICA                         GM            2          5          6          0          0                             
        12 ANALISIS COMPLETO                                  GM            4          2        4.5          3          0                             
        13 ESTADISTICA                                        GII           3          7          0          0          0                             

13 rows selected.

SQL> UPDATE VISTA1
  2  SET CAR=6
  3  WHERE CAR=13;

0 rows updated.

SQL> UPDATE VISTA1
  2  SET CAR=6
  3  WHERE CAS=13;

1 row updated.

SQL> SELECT *
  2  FROM VISTA1;

       CAS A                                                  T           CUR        CAR                                                              
---------- -------------------------------------------------- ---- ---------- ----------                                                              
         1 BASES DE DATOS                                     GII           3          7                                                              
         2 INTELIGENCIA ARTIFICIAL                            GII           3          4                                                              
         3 ALMACENES DE DATOS                                 MII           1          7                                                              
         4 MINERIA DE DATOS                                   MII           1          7                                                              
         5 INFORMATICA BASICA                                 GII           1          7                                                              
         6 ALGEBRA                                            GII           1          1                                                              
         7 CALCULO                                            GII           1          8                                                              
         8 OPTIMIZACION                                       GII           1          6                                                              
         9 GESTION DE RIESGOS                                 GII           3          4                                                              
        10 ASTRONOMIA                                         GF            2          3                                                              
        11 ENSENANZA DE LA MATEMATICA                         GM            2          5                                                              
        12 ANALISIS COMPLETO                                  GM            4          2                                                              
        13 ESTADISTICA                                        GII           3          6                                                              

13 rows selected.

SQL> CREATE VIEW VISTA2
  2  AS SELECT DISTINCT(DNI),A,T,CUR.CAR
  3  FROM PLAN_DOCENTE NATURAL JOIN VISTA1;
AS SELECT DISTINCT(DNI),A,T,CUR.CAR
                            *
ERROR at line 2:
ORA-00904: "CUR"."CAR": invalid identifier 


SQL> CREATE VIEW VISTA2
  2  AS SELECT DISTINCT(DNI),A,T,CUR,CAR
  3  FROM PLAN_DOCENTE NATURAL JOIN VISTA1;

View created.

SQL> SELECT *
  2  FROM VISTA2;

       DNI A                                                  T           CUR        CAR                                                              
---------- -------------------------------------------------- ---- ---------- ----------                                                              
      6666 ASTRONOMIA                                         GF            2          3                                                              
      4444 INFORMATICA BASICA                                 GII           1          7                                                              
      3030 OPTIMIZACION                                       GII           1          6                                                              
      3333 GESTION DE RIESGOS                                 GII           3          4                                                              
      7777 ANALISIS COMPLETO                                  GM            4          2                                                              
      2222 ALMACENES DE DATOS                                 MII           1          7                                                              
      9999 CALCULO                                            GII           1          8                                                              
      3333 INTELIGENCIA ARTIFICIAL                            GII           3          4                                                              
      4444 MINERIA DE DATOS                                   MII           1          7                                                              
      1010 GESTION DE RIESGOS                                 GII           3          4                                                              
      8888 ENSENANZA DE LA MATEMATICA                         GM            2          5                                                              
      4444 BASES DE DATOS                                     GII           3          7                                                              
      5555 ALGEBRA                                            GII           1          1                                                              
      1111 OPTIMIZACION                                       GII           1          6                                                              
      1010 INTELIGENCIA ARTIFICIAL                            GII           3          4                                                              
      2020 ALMACENES DE DATOS                                 MII           1          7                                                              
      2222 MINERIA DE DATOS                                   MII           1          7                                                              

17 rows selected.

SQL> UPDATE VISTA2
  2  SET A='BBDD'
  3  WHERE A='BASES DE DATOS';
UPDATE VISTA2
       *
ERROR at line 1:
ORA-01732: data manipulation operation not legal on this view 


SQL> SELECT OWNER, VIEW_NAME, USER FROM ALL_VIEWS
  2  WHERE VIEW_NAME LIKE 'VISTA2';

OWNER                                                                                                                                                 
--------------------------------------------------------------------------------------------------------------------------------                      
VIEW_NAME                                                                                                                                             
--------------------------------------------------------------------------------------------------------------------------------                      
USER                                                                                                                                                  
--------------------------------------------------------------------------------------------------------------------------------                      
ALU0100981506                                                                                                                                         
VISTA2                                                                                                                                                
ALU0100981506                                                                                                                                         
                                                                                                                                                      

SQL> DROP VIEW VISTA1;

View dropped.

SQL> SELECT *
  2  FROM VISTA2;
FROM VISTA2
     *
ERROR at line 2:
ORA-04063: view "ALU0100981506.VISTA2" has errors 


SQL> ROLLBACK;

Rollback complete.

SQL> SELECT *
  2  FROM VISTA1;
FROM VISTA1
     *
ERROR at line 2:
ORA-00942: table or view does not exist 


SQL> --ME QUEDE EN LA 24
SQL> SPOOL OFF
